id,name,model_id:id,group_id:id,perm_read,perm_write,perm_create,perm_unlink
access_crm_test_operation,crm_test_operation,model_crm_test_operation,base.group_user,1,1,1,1
access_crm_test_speed,crm_test_speed,model_crm_test_speed,base.group_user,1,1,1,1
access_crm_speed_result,crm_speed_result,model_crm_speed_result,base.group_user,1,1,1,1
access_crm_test_torque,crm_test_torque,model_crm_test_torque,base.group_user,1,1,1,1
access_crm_torque_result,crm_torque_result,model_crm_torque_result,base.group_user,1,1,1,1
access_crm_test_force,crm_test_force,model_crm_test_force,base.group_user,1,1,1,1
access_crm_force_result,crm_force_result,model_crm_force_result,base.group_user,1,1,1,1
access_crm_test_sound,crm_test_sound,model_crm_test_sound,base.group_user,1,1,1,1
access_crm_sound_result,crm_sound_result,model_crm_sound_result,base.group_user,1,1,1,1
